unique_breed,matching_breed
Border Collie Mix,tier_3
Havanese,tier_1
Standard Poodle,tier_3
Doberman Mix,tier_3
Cavapoo,None
Cairn Terrier,tier_2
German Shepherd Dog,tier_1
Pomeranian,tier_1
Husky,tier_4
Greyhound,tier_1
Dachshund Mix,tier_2
"Welsh Corgi, Pembroke",tier_1
Golden Doodle,tier_4
Labrador / German Shepard Cross,tier_1
Chinese Crested Dog,tier_1
Boxer Mix,tier_4
Great Pyrenees,tier_2
Pomapoo,None
Great Dane,tier_1
Terrier Mix,tier_2
mix,tier_1
Miniature Schnauzer,tier_1
Labradoodle,tier_1
Shih Tzu,tier_1
Maltese,tier_1
Boston Terrier,tier_2
Miniature Golden Doodle,tier_1
Chihuahua,tier_1
Yorkshire Terrier,tier_2
Shorkie (Yorkie/Shih Tzu Mix),tier_1
Golden Retriever,tier_4
Greater Swiss Mountain Dog,tier_2
"Collie, Rough",tier_3
poodle mix,tier_3
Pitbull,tier_4
mutt,tier_1
German Shorthaired Pointer,tier_2
Lab Mix,tier_4
Morkie,tier_1
Siberian Husky,tier_4
King Charles Spaniel,tier_1
Yorkie,tier_1
Maltipoo,None
Toy poodle,tier_3
Sheepdog Mix,tier_1
Bluetick Coonhound,tier_2
Miniature Australian Shepherd,tier_3
Chihuahua mix,tier_1
golden mix,tier_4
Airedale Terrier,tier_2
Australian Sheepdog,tier_3
Goldendoodle,tier_1
Sheltie/Terrier Mix,tier_2
White Lab/Terrier Mix,tier_4
Papillon,tier_1
French Bulldog,tier_1
Chihuahua (long Coat),tier_1
Mixed Breed - Large,tier_1
Australian Shepherd,tier_3
Scottish Terrier,tier_2
Bernese Mountain Dog,tier_1
0.0,tier_1
German Shepherd,tier_1
Chihuahua (smooth Coat),tier_1
Australian Terrier,tier_3
Pitbull X,tier_4
Minature Schnauzer,tier_1
German Wirehaired Pointer,tier_2
Cocker Spaniel X,tier_1
German Shepherd Dog (long Stock),tier_1
Maltese X,tier_1
Tabby,tier_1
Pointer X,tier_2
Belgian Shepherd (malinois),tier_1
Labrador X,tier_4
American Shorthair,tier_2
Schnauzer,tier_1
Mixed Breed - Small,tier_1
English Springer Spaniel,tier_2
Dobermann,None
Chow Chow,tier_2
Jack Russell,tier_1
Miniature Australian Shepard,tier_3
Mixed Breed - Medium,tier_1
Beagle,tier_2
Tibetan Spaniel,tier_1
Bouvier Des Flandres,tier_1
Cavalier King Charles Spaniel,tier_1
German Spitz (klein),tier_1
Bichon X,tier_1
Bull Mastiff,tier_1
Poodle (standard),tier_3
Cocker Spaniel,tier_1
Cavalier King Charles Spaniel X,tier_1
Soft-Coated Wheaten Terrier,tier_2
Labrador,tier_4
Border Collie,tier_3
Poodle (toy),tier_3
Poodle (miniature),tier_3
English Bulldog,tier_2
Portuguese Water Dog,tier_1
Dachshund (long Haired),tier_2
Labrador Retriever,tier_4
Shiba Inu,tier_2
Bull Dog,tier_3
Australian Cattle Dog,tier_3
Pointer,tier_2
Dachshund (min. Long Haired),tier_2
Schnauzer (miniature),tier_1
Miniature Pinscher,tier_1
Samoyed,tier_1
Welsh Corgi (cardigan),tier_2
Norwegian Forest,tier_1
Domestic Short Hair/ Grey,tier_1
Shepherd Mix,tier_1
pit bull,tier_4
yorkie poo,tier_1
Pomeranian/ Red,tier_1
St Bernard,tier_1
Schnauzer/Poodle,tier_1
West Highland White Terrier,tier_2
Rodesian Ridgeback,tier_2
Pit bull mix,tier_4
Boxer,tier_4
aussie/dalmation?,tier_3
Blue Heeler,tier_1
Labrador Retriever Yellow,tier_4
Akita,tier_1
Griffon Bruxellois,tier_1
Siberian Husky/Retriever mix,tier_4
Australian Shepherd Tri Red,tier_3
Pitt bull,tier_1
chihuahua/jack russel mic,tier_1
shih mix,tier_1
Brindle Pit Mix,tier_1
retriever/jack russel mix?,tier_2
chihuahua terrier mix,tier_2
Terrier mix,tier_2
Havanese mix,tier_1
Shih-tzu Red,tier_1
Spaniel Mix/ Brinde w White,tier_1
Labradoodle/ Chocolate,tier_3
Pit/boxer mix,tier_4
Dogue De Bordeaux,tier_1
Pit Bull Mix/ Light Blue Fawn,tier_1
Bullmastiff,tier_2
Schnoodle,None
shihtzu/poodle mix,tier_3
Labrador Retriever Mix,tier_4
Retriever mix,tier_4
Chinese Crested-Hairless,tier_1
Yorkie/Schnauzer,tier_1
Teddybear,None
miniature dachshund,tier_2
Italian Greyhound,tier_1
Jack Russell Terrier,tier_2
Poodle/Terrier Mix,tier_2
Old english bulldog,tier_2
Lab/pit/shepard Mix,tier_4
Miniature Schnauzer Mix,tier_1
Cane Corso,tier_1
Dachshund,tier_2
Lhasa Apso,tier_1
toy poodle,tier_3
Dachshund/Chi Mix,tier_2
lab/pit,tier_4
pit mix,tier_4
coonhound,tier_2
Belgian Malinois,tier_1
Poodle,tier_3
Golden Retriever English Cream,tier_4
cat,tier_1
miniature poodle,tier_3
Great Dane Merle,tier_1
Chinese Crested,tier_1
mini aussie Blck/Wht,tier_1
Pomeranian/mix,tier_1
Poodle Mix,tier_3
Pit Bull Blue Tri,tier_1
hound/lab mix,tier_3
Rottweiler,tier_3
morkie,tier_1
Red Nose Pit,tier_4
Bull Mastiff/ Brown,tier_1
mix spotted black & white,tier_1
American Staffordshire Terrier,tier_2
Shih-tzu tan/white,tier_1
Domestic Long Hair/ Tortie,tier_1
Malamute/Akita mix,tier_1
Great Dane/ Black,tier_1
Shapherd Mix/ Brown w/ Black,tier_1
Cocker Spaniel/ Buff,tier_1
Mini Poodle,tier_3
Matli-poo,tier_1
border collie mix,tier_3
Terrier Mix/ Red and White,tier_2
Lab/Greyhound,tier_1
Rat Terrier Mix/ White w/ black,tier_2
lab/shepherd,tier_1
Labrador Retriever/Yellow,tier_4
Labrador Retriever/ Chocolate,tier_4
Lab-Bloodhound Mix,tier_1
Boxer Mix/ White and Brown,tier_4
Bichon Frise,tier_1
Chihuahua/ Black Long Haired Mix,tier_1
Chihuahua/ Fawn,tier_1
Vizsla,tier_1
Tortie,None
standard poodle,tier_3
Border Collie/Cattle Dog,tier_3
Pitbull Mix,tier_4
Corgi,tier_2
lab,tier_4
boxer/mastiff mix,tier_1
mini schaunzer,tier_1
Hound Mix,tier_3
Labrador Retriever/ yellow,tier_4
pointer mix,tier_2
Wired Dachshund/Chi,tier_2
Miniature American Shepherd Tri,tier_1
small mix beagle/ hound,tier_2
Yorkie mix,tier_1
Collie mix,tier_3
auusie,tier_3
Shitzu,tier_1
Sheltie,tier_1
Labradoddle,None
Bull Terrier mix,tier_2
Blue Tick Hound,tier_1
Finnish SpitzBlack,tier_1
maltese/yorkie,tier_1
German Shepherd Mix,tier_1
Whippet,tier_2
lab/great pyrenes mix,tier_2
Domestic Short Hair/ White,tier_1
American Bulldog,tier_2
Labrador Retriever/Boxer mix,tier_4
Australian Shepherd/ Corgi mix,tier_2
boxer mix,tier_4
mini Dachshund,tier_2
Beagle Mix,tier_2
DHS,tier_1
Irishdoodle,None
Bloodhound mix,tier_1
American Staffordshire Terrier mix,tier_2
beagle-bassett mix,tier_2
pit/mix Brindle,tier_1
schnauzer/terrier,tier_1
Golden-Doodle,tier_4
Brussels Griffon,tier_1
Lab/pit mix,tier_4
Sheep dog mix,tier_3
Weimaraner,tier_3
Bulldog,tier_2
Chiweenie,None
Domestic short hair/black,tier_1
Domestic Short Hair/Black & White,tier_1
Besenji Mix,tier_1
blue heeler/Aussie mix,tier_1
Poodle/ terrier mix,tier_2
German Shepherd Dog Tan & Black,tier_1
Husky mix,tier_4
Pug/Dachsund mix,tier_1
Lab/Dane Mix,tier_1
Doberman mix,tier_3
Miniature Pinscher Mix,tier_1
husky/shepherd,tier_1
Rat Terrier,tier_2
Shetland Sheepdog,tier_3
Beagle/Pomeranian,tier_2
Hound/mix,tier_1
cocker spaniel mix,tier_1
Shepherd/ Border Collie Mix,tier_1
"DSH, Gray/white",tier_1
Mastiff mix,tier_1
"Chihuahua, Japanese Chin mix",tier_1
Newfoundland,tier_1
Labrador Retriever / Vizsla Mix,tier_4
Chihuahua Pug,tier_1
Shepherd/Lab mix,tier_1
Black Mouth Cur,tier_1
Aussie/lab mix,tier_3
Min Pin,tier_1
Pitt Mix,tier_1
Morkie Pom,tier_1
Shih Tzu/mix,tier_1
Shorkie,None
Alapaha blue blood bulldog,tier_2
Argentine Mastiff,tier_1
Jack Russell Mix,tier_1
Chorkie,None
jack russel,tier_1
American Terrier,tier_2
maltese/ white,tier_1
DSH,None
Mastiff/Lab mix,tier_1
Rhodesian Ridgeback,tier_2
Chihuahua/ Jack Russell Mix,tier_1
Domestic shorthair/ mix,tier_1
Plott hound mix,tier_3
American Eskimo Dog,tier_3
Cavalier King Charles Spaniel Poodle Mix,tier_1
German Shepard Lab Mix,tier_1
Rhodesian Ridgeback Mix,tier_2
Cocker Spaniel/Schitzu Mix-,tier_1
Siberian Husky Mix,tier_4
Doberman Pinscher,tier_1
Shepard Mix,tier_1
Lab/Chow mix,tier_2
Mini Australian Shepherd,tier_3
Beagle/Lab Mix,tier_2
Bull Dog mix,tier_1
Labrador Retriever/Beagle mix,tier_2
Pittbull,None
Bishon-Poo,tier_1
Rottweiler-Pitbull Mix/Brown,tier_4
Pitbull/Red,tier_4
Border collie/Basenji mix,tier_1
maltipoo,None
Black Lab,tier_4
Miniature Schnauzer/mix,tier_1
Dachshund/Jack Russell Terrier Mix,tier_2
Walker Hound/Mixed,tier_1
Cavalier King Charles Spaniel/cocker mix,tier_1
Coonhound/Doberman mix,tier_2
Boxer/Pit Mix,tier_4
American Bulldog mix,tier_2
Catahoula Mix/,tier_1
Yorkie Blck/Tan,tier_1
Soft Coated Wheaten Terrier,tier_2
Walker Hound Mix,tier_1
Shih Tzu mix,tier_1
Hound Mix/brown & white,tier_1
Australian Shepherd/border collie,tier_3
Labrador Retriever Black,tier_4
Boxer Boston Mix,tier_2
Basset Hound,tier_2
Pit bull terrier,tier_4
puggle,tier_1
Bichon Frise White,tier_1
Staffordshire Pit mix,tier_1
Lab/Terrier Mix,tier_4
Siamese Mix,tier_1
Brittany Spaniel,tier_1
Australian Shepherd mix,tier_3
Mix/Black&White,tier_1
Bearded Collie,tier_3
Finnish Spitz,tier_1
Hound/pit mix,tier_1
lab/shep mix,tier_3
catahoula mix,tier_1
Golden/Lab Mix,tier_4
Chihuahua/Beagle Mix,tier_2
Lab/Shepard Mix,tier_4
Dachshound Wirehaired,None
Dachshound,None
Jack Russell Terrier Mix Wht/Blck,tier_2
pointer/terrier mix,tier_2
Dachshund/Terrier Mix,tier_2
Mini Aussie,tier_3
Maltese/shi tzu,tier_1
Basset Hound Mix,tier_2
Ptti Bull,tier_1
mountain curr terrier mix,tier_1
minpin/italian greyhound,tier_1
Siamese,tier_1
Lab Mix Blck,tier_4
Whippet/lab mix,tier_2
Shiba Inu/Pomeranian,tier_2
English Bull/Lab Mix,tier_2
English Pointer,tier_2
Mini Australian Shephard Mix,tier_3
Pointer/pit mix,tier_2
Hound MIx Grayish Blck,tier_1
Chihuahua/ shitzu mix,tier_1
chihuahua/terrier mix,tier_2
Pug,tier_1
French Bulldog/ Bosten Mix,tier_1
Minature Poodle,tier_3
Pit Mix Tan,tier_4
Lab/Shepherd mix,tier_1
yorkie beagle mix,tier_2
Pomsky,tier_1
pit/bulldog,tier_2
Peek-A-Poo,tier_1
Teacup Yorkie,tier_1
Lab/dacshund mix,tier_4
Labrador Retriever/hound mix,tier_4
Australian Lab mix Blck,tier_3
Chi/Pin Mix,tier_1
Rhodesian Ridgeback/Lab,tier_2
Vizsla Mix,tier_1
Retriever/Hound Mix,tier_4
Dachshund Long Hair,tier_2
Maine Coon,tier_1
mixed,tier_1
Collie/Lab,tier_3
Pitt Mix Tan,tier_1
American Staffordshire Terrier/ Shar Pei mix,tier_1
Toy Australian Shepherd,tier_3
Schnauzer/Poodle Mix,tier_1
Cocker Spaniel Party,tier_1
Golden Retriever/lab mix,tier_4
Alaskan Malamute,tier_2
Bichon Frise/Cocker Mix,tier_1
Husky/Lab Mix,tier_4
dach/retriever mix,tier_4
Whippet mix,tier_2
Keeshond,None
Havanese/Poodle Mix,tier_3
Toy Fox Terrier,tier_2
Feline (Cat),tier_1
Shih Tzu/Poo,tier_1
Rhodesian Ridgeback/boxer Mix,tier_2
Doberdor/Lab Mix,tier_4
Cockapoo white,tier_1
Pit/Lab mix,tier_4
Labrador Retriever/ mix,tier_4
Brittany,tier_1
Poodle white and pink,tier_3
shepherd/hound,tier_1
Norwich Terrier,tier_2
Shih Tzu/ mix,tier_1
Boston Terrier Blck/Wht,tier_2
Labrador Retriever/shepherd mix,tier_4
Chug,tier_1
Dachshund Long Haired,tier_2
Black Mouth Cur Mix,tier_1
Standard Schnauzer Mix,tier_1
Maltese/Poodle Mix,tier_3
Sharpei,None
Shipoo,None
blue terrier,tier_2
Black lab,tier_4
Shih Tzu/Boston Mix,tier_2
Catahoula,tier_1
Pit mix Chocolate,tier_3
Redbone Coonhound,tier_2
Lab curl mix,tier_4
Boston/Pug,tier_2
Cur,tier_1
Lab/Plott Hound Mix,tier_3
Hound /mix,tier_1
hound/retriever mix,tier_4
Pomeranian/Blonde,tier_1
lab/mix,tier_4
Wheaten Terrier,tier_2
Staffordshire Mix,tier_1
pit,tier_4
pit bull/mix,tier_4
Treeing Walker Coonhound/mix,tier_2
Poodle Toy,tier_3
Chihuahua/minpin,tier_1
Pekingese,tier_1
Basenji,tier_1
Basenji/Shephard mix,tier_1
Yorkshire Terrier/chihuahua,tier_2
Golden Retriever Gold,tier_4
Shih Tzu Red/Wht,tier_1
Put Bull mix,tier_1
Treeing Walker Coonhound,tier_2
Chiweine,None
white Boxer,tier_4
Miniature Pinscher/mix,tier_1
Lab/Cocker Mix,tier_1
Italian Greyhound mix,tier_1
Mini Dauchund,tier_1
Chihuahua/mix,tier_1
GSD/Mastiff/ Brindle,tier_1
dachsund mix,tier_1
Chihuahua/pom mix,tier_1
Chi/Russell Mix,tier_1
pit/beagle mix,tier_2
Labrador Retriever Blck,tier_4
Weimereiner,None
Coton De Tulear,tier_1
Daschound,None
Rat Terrier Mix,tier_2
australian labradoodle,tier_3
Cavalier King Charles Spaniel mix,tier_1
bichon/poodle,tier_3
Catahoula leopard dog,tier_1
Jack Russel Mix,tier_1
American Bully Wht/Tan,tier_2
Pug Fawn,tier_1
mutt black and gold brindle,tier_1
cattle dog mix,tier_3
Chi Mix,tier_1
Shiba Inu/Husky Mix,tier_2
Lhasa Apso/poodle mix,tier_1
Siberian Husky Wht/Gray/Blck,tier_1
Shetland Sheepdog Mix,tier_3
Shih Tzu Blackish Brwn,tier_1
border mix Black/White,tier_1
Yorkshire Terrier mix,tier_2
Maine Coon mix,tier_1
Pitt,tier_1
Labrador Retriever-Chocolate,tier_4
Hound/Pitt Mix,tier_1
Chihuahua long haired,tier_1
Aussiedoodle,None
Corgi/Jack russel Mix,tier_2
Cavapoo Blck/Wht,tier_1
Chi Mix Brwn/Wht,tier_1
Mini Schnauzer,tier_1
Catahoula mix Brindle/Wht,tier_1
Schnauzer/Havanese Mix Grayish Blck,tier_1
Mini Aussie Doodle,tier_3
Lab/Hound mix,tier_3
Auss. Labradoodle Chocolate,tier_3
border mix,tier_1
Miniature Pinscher Blck/Tan,tier_1
hava-lhasa,tier_1
Tabby Gray,tier_1
Daschund,None
Jack Russell/ Pug mix,tier_1
Chihuahua/ Dacshund mix,tier_1
Great Pyrenees Mix,tier_2
Cairn Terrier mix,tier_2
Brittany Spaniel Mix,tier_1
Boston Terrier Brwn/Wht,tier_2
maltipoo mix,tier_1
Jack Russell/Corgi mix,tier_2
Shetland mix,tier_3
Mini Golden Doodle Copper/Brwn,tier_1
terrier mix Tri,tier_2
bernedoodle,None
German Shepherd mix  BROWN,tier_1
Miniature Aussie Blue Merle,tier_1
Pitt Bull Red Brindle,tier_1
basset/lab mix,tier_2
American Foxhound,tier_2
Border Collie Mix Black/White,tier_1
Boston Terrier Blue/White,tier_2
Boxer Fawn,tier_4
Great Dane Black/White Chest,tier_1
Dalmatian,tier_2
Biewer Yorkie,tier_1
pit mix/brindle,tier_1
Siberian Husky Red,tier_4
Miniature Schnauzer Gray/White,tier_1
Weimaraner Gray,tier_3
Weimaraner/Boxer Mix Black,tier_3
Yorkshire Terrier Silver/Blonde,tier_2
Yorkshire Terrier Black/Tan,tier_2
Border Collie Orange/White,tier_1
Labrador Retriever Mix Chocolate,tier_4
Chinese Shar-Pei mix,tier_1
Poodle (Standard)/RED,tier_1
Lhasa Apso mix,tier_1
Labrador Retriever/mix,tier_4
Labrador Retriever/Chocolate,tier_4
CURR/HOUND MIX,tier_1
Jack Russel Terrier,tier_2
Pit/Lab-mix,tier_4
boxer/boston terrier Mix,tier_2
Min Pin Mix,tier_1
Portuguese Podengo Pequeno,tier_1
Australian Silky Terrier,tier_2
Border Collie/Australian Shepherd Mix,tier_3
Chihuahua/Poodle,tier_3
lab/beagle,tier_2
English Cocker Spaniel,tier_1
Shih Tzu/jack russel mix,tier_1
Boxer Fawn/Wht,tier_1
Basset Hound/Beagel Mix,tier_2
DMH,None
Domestic Shorthair/Black,tier_1
Jack Russell/Jack Terrier Mix,tier_2
American Pit Bull Terrier mix,tier_2
Terrier/mix,tier_2
Black Mouth Curl Mix,tier_1
Papillon Mix,tier_1
Mini Golden Doodle,tier_4
Beagle Mix Brown & White,tier_2
Fox Terrier/Dachshound Mix,tier_2
Rottweiler Mix,tier_3
Labrador Retriever/pit mix,tier_4
Bassett Hound,tier_3
Aussie-doodle,tier_3
Boston Terrier/Blue Heeler Mix,tier_2
Rottweiler/lab Mix,tier_3
Mini Goldendoodle,tier_1
Pembroke Welsh Corgi,tier_1
Bernese Mountain Dog/Rottie Mix,tier_1
Dachsund,None
Chihuahua/Jack Russell mix,tier_1
Cavalier King Charles Spaniel/Bichon Mix,tier_1
Springer mix,tier_2
shih-poo,tier_1
German Shepherd Dog/Lab Mix,tier_1
Lab/Husky,tier_4
Old English Sheepdog,tier_1
Tea Cup Poodle,tier_3
Cava-poo,tier_1
Silkey terrier,tier_2
Cocker Spaniel/ Terrier mix,tier_1
Lab/cur mix,tier_4
Bichon Frise/Japanese Chin Mix,tier_1
American Pit Bull,tier_2
Yorkipoo,None
Cardigan Welsh Corgi,tier_2
Chihuahua/ Tan,tier_1
Beagle/ Bassett mix,tier_2
German Shepherd/Lab mix,tier_1
Chesapeake Bay Retriever/lab mix,tier_2
Long haired chihauhua,tier_1
Doberman Pinscher Red/Tan,tier_1
Laso Mix,tier_1
Dachshund/Beagle Mix,tier_2
Boxer / White,tier_4
Cavachon,None
Australian Cattle Dog Mix,tier_3
Ca de Bou,tier_1
Domestic Short-Hair,tier_1
Chihuahua/Maltese mix,tier_1
beagle/ terrier mix,tier_2
Bichon Frise Mix,tier_1
Pekingese/beagle mix,tier_2
Siberian Husky/Shepard Mix,tier_1
Aussie Lab Mix Wht/Blck,tier_3
Corgi mix,tier_2
Spaniel mix,tier_1
Shih Tzu Mix/ Blk & Wht,tier_1
dane/pit mix,tier_1
beagle/hound mix,tier_2
Jack Russel/Chi Mix,tier_1
boxer pointer mix,tier_2
German Shepard mix,tier_1
Jack Russell White w/Spots,tier_1
"American Bulldog,",tier_2
corkie,None
frenchie/boston,tier_2
St. Bernard,tier_1
shihpoo,None
sheph mix mutt,tier_1
Pitt/Hound Mix,tier_1
Cockapoo,tier_1
Boxer/Pitbull Mix,tier_4
Border Terrier Mix,tier_2
Pit /mix,tier_4
Long Haired Dachsund,tier_1
Chihuahua/ Terrier,tier_2
Shih tzu/Pekingese mix,tier_1
Golden Retriever/Spaniel mix,tier_4
Chihuahua/ Lasa Apso mix,tier_1
Yorkie/Poo,tier_1
American Stradfordshire Terrier,tier_2
Bichon Frise/Poodle Mix,tier_1
Lab Shepherd Mix,tier_1
Labrador Doodle,tier_1
Blood hound,tier_3
Golden Retriever Mix Red,tier_4
Border Collie/Kelpie mix,tier_1
Flat-coated Retriever,tier_4
Yorkiepoo,None
Doberman Pinscher Blck/Tan,tier_1
Silky Terrier,tier_2
maltese mix,tier_1
Jack russel Mix Tan/Brwn,tier_1
Shih Tzu/Poodle,tier_1
Carolina Dog Mix,tier_1
Treeing Walker Coonhound mix,tier_2
American Dingo/ pit mix,tier_2
chih/terrier mix,tier_2
Parson Russell Terrier,tier_2
Yorkie/Maltese Mix,tier_1
Lurcher,None
Weimaraner mix,tier_3
Yorkshire Terrier/mix,tier_2
Boston Terrier Mix,tier_2
Pyrenean Shepherd/mix,tier_1
Dachshund/mix,tier_2
terrier/lab,tier_4
Basset mix,tier_2
Hound/Pointer Mix,tier_2
German Shepherd Dog mix,tier_1
Cocker/Collie Mix,tier_1
Boxer/Pitt,tier_4
Husky/Golden mix,tier_4
Chinese Shar-Pei,tier_1
Beagle Tri,tier_2
Golden Retriever Wht,tier_4
Lab/Shepeherd mix,tier_4
fox hound mix,tier_1
Boxer/ bull dog mix (Pitt),tier_1
French Bulldog/Japanese Chin mix,tier_1
Shih Tzu/poodle mix,tier_1
Heeler/Pitt Mix,tier_1
Shih Tzu Multi,tier_1
Great Pyrenees/Border Collie mix,tier_2
yorki mix,tier_1
American Pit Bull Terrier,tier_2
Viszla,None
Maltese/Yorkie,tier_1
Norfolk Terrier,tier_2
Blue heeler mix,tier_1
Puggle,tier_1
Miniature Long Haired Dachshund,tier_2
Cocker Spaniel Mix,tier_1
White lab,tier_4
Labordoodle,None
Catahoula Mix,tier_1
mini labradoodle,tier_1
shepard mix,tier_1
shih tzu mix,tier_1
Wirehaired Pointing Griffon,tier_1
Staffordshire Bull Terrier,tier_1
Belgian Shepherd Dog (Malinois),tier_1
Lagotto Romagnolo,None
Daschund/Yorkie Mix,tier_1
English setter mix,tier_2
Yorkiepoo (Yorkie/Mini Poodle),tier_1
chihuahua/shih tzu mix,tier_1
Shih-Poo,tier_1
Blackmouth Cur Mix,tier_1
austrian Doodle,tier_1
Sheepadoodle,None
Schnoodle (Schnauzer Poodle),tier_1
Sheepdog,tier_1
Welsh Corgi (pembroke),tier_1
Pyrenean Mountain Dog,tier_1
Bermese Mountain Dog,tier_1
Collie (rough),tier_3
Bloodhound,tier_1
Poodle X,tier_3
Miniature Dachshund,tier_2
Spoodle,None
English Golden Retriever,tier_4
Belgian Shepherd (groenendael),tier_1
Cirneco dell'Etna,tier_1
Chocolate Lab,tier_3
Dachshund (smooth Haired),tier_2
Border Collie X,tier_3
Australian Stumpy Tail Cattle Dog,tier_3
Shar Pei,tier_1
Asian Semi-Longhair,tier_1
American Long Hair,tier_2
Russian,tier_1
Black And Tan Coonhound,tier_2
Staffy X,tier_1
Foxhound,None
Spaniel X,tier_1
German Shepherd Dog (stock Coat),tier_1
Boxer X,tier_4
Blackmouth Cur,tier_1
Jack Russell x,tier_1
Pomeranian X,tier_1
Yorkie/Shih-tzu mix,tier_1
American min Shepherd,tier_1
Red Bone Coon Hound,tier_1
Golden Retriever Mix,tier_4
Chihuahua/ Rat Terrier Mix,tier_2
american bull terrier,tier_2
Beagle/ Lab mix,tier_2
Short haired doxen,tier_1
Cotton Tail Bunny,tier_1
American bull dog,tier_2
pit/mixm Black/White,tier_4
Shih Tzu/Maltese Mix,tier_1
Westie Terrier Mix,tier_2
Shi Zu,tier_1
Shih Tzu/Poodle Mix Blck/Wht,tier_1
Mixed Blk/Wht,tier_1
French Mastiff,tier_1
yellow lab,tier_4
Shih Tzu/Bishon Mix,tier_1
Boykin Spaniel,tier_1
Bichon/Poodle mix,tier_3
Weimaraner/Lab Mix,tier_3
Newfoundland Black,tier_1
Doberman,tier_3
coonhound mix,tier_2
mix ??,tier_1
Maltese/Chi mix,tier_1
pointer/lab,tier_2
Yorkshire Terrier/dashound mix,tier_2
Heeler/jack Russell,tier_1
Maltese/pom mix,tier_1
English Setter,tier_2
American Staffordshire Terrier/ white,tier_2
border/lab,tier_4
Maltese/Lhasa mix,tier_1
Dutch Shepard,tier_1
Toy Poodle Apricot,tier_3
Silky Terrier Mix,tier_2
Lab/golden/mix,tier_4
Pit/Doxie Mix,tier_4
Havanese/BROWN,tier_1
klee kai,tier_1
shih/terrier mix,tier_2
Pit Bull - Blue,tier_4
Wire Haired Terrier,tier_2
Primo Carnera dog,tier_1
Labrador Retriever-Yellow,tier_4
jack russel/shepherd mix,tier_1
Aussie,tier_3
Shih Tzu/ Terrier mix,tier_2
Wolf/Shepherd mix,tier_1
English Mastiff Reverse Brindle,tier_1
owner couldnt give discernable breed.../MIX,tier_1
Pitt Tan,tier_1
Aussie Doodle,tier_3
Bernese/Aussie,tier_1
Rottweiler/Black and Tan,tier_3
BIRD!!!,tier_1
Pit Bull White,tier_4
Schnauzer mix,tier_1
Yorkie- Black and Tan,tier_1
Pit Bull/ Blue Nose,tier_1
Boston Terrier Mix/ Black Brindle w White,tier_2
Golden Retriever/ White,tier_4
Scnoodle,None
Beagle/ Tri Color,tier_2
Bichon Frise/maltese mix,tier_1
cocker mix,tier_1
Catahoula/aussie mix,tier_1
Rhodesian Ridgeback/Lab Mix,tier_2
German Sherpherd/Lab/Pit Bull Mix,tier_4
Lab/Heeler Mix,tier_4
Maltese/Poodle,tier_3
Border Collie/Lab/Boxer/Chow mix,tier_2
Siberian Husky Black/White,tier_4
Pitbull & Catahoula leopard mix,tier_4
Lab/Pitt Bull Mix,tier_1
West Highland Terrier,tier_2
Shiba Inu Mix,tier_2
Pomeranian mix,tier_1
Belgian Shepard,tier_1
Rottweiler/Shepard Mix,tier_3
Miniature Schnauzer/yorkie mix,tier_1
German Short haired pointer,tier_2
Pom/Chi,tier_1
GSD/Golden Mix,tier_1
Pug/ Boston mix,tier_2
Pit Bull mix,tier_4
German Shepard,tier_1
Malti-poo,tier_1
Border Collie/aussie mix,tier_3
Scottish Fold,tier_1
Shitzu poodle mix,tier_3
brn/blk/wht Yorkshire Terrier,tier_2
Mastiff,tier_1
Bull Terrier,tier_2
Australian Shepherd/mix,tier_3
Beagle/boxer mix,tier_2
Dutch Shepherd,tier_1
Labrador Retriever/Pit Bull mix,tier_4
Shih Tzu mix/ black & white,tier_1
Terrier Mix / White,tier_2
Chorkie Tan/Wht,tier_1
Hemmingway,tier_1
pit/pointer mix,tier_2
"Pitbull, brown brindle",tier_4
Maltese wht,tier_1
Poodle/Gray & White,tier_3
American Bulldog/Pug,tier_2
Pomeranian/white,tier_1
Rat/Jack Terrier Mix,tier_2
Poodle Mix White,tier_3
German Shepherd Dog  Sable,tier_1
chocolate lab,tier_3
French Bulldog  black/brindle,tier_1
Teddy Bear,tier_1
Pit bull/lab mix,tier_4
Cane Corso Blue,tier_1
Cane Corso Gray,tier_1
Shih Tzu/Yorkie/Jack Russell Mix,tier_1
pitmix,None
Pit Bul,tier_4
Labradoodle Chocolate,tier_3
Mix Brwn/Blck,tier_1
English Bulldog Red/Wht,tier_2
Rottweiler Blck/Tan,tier_3
Aussie Mix,tier_3
owner couldnt give me a discernable breed.../MIX,tier_1
Great Dane/Hound mix,tier_1
Rottweiler/German Shepherd Mix,tier_1
Border Collie Red/white,tier_1
Irish Terrier,tier_1
mix- Brindle,tier_1
Rottweiler Black/Tan,tier_3
jac russel/chihuahua,tier_1
Black Chihuahua mix,tier_1
Standard Poodle Black,tier_3
Maltese white,tier_1
border/lab mix,tier_4
Blue Heeler Mix/ Blue Merle,tier_1
Coonhound Mix/Black and Tan,tier_2
Pit Bull Mix/ Blue Brindle w White,tier_1
Pit Bull/ Red,tier_4
Lab-Pit Mix/ Black,tier_4
Pappillon,None
Boxer-Lab mix,tier_4
Lab-Boxer/ Black,tier_4
Lab-Hound Mix/ Brindle,tier_1
Australian Shepherd Black & White,tier_3
Min Pin Mix/ Tan,tier_1
Potcake,None
Boxer/ Fawn,tier_4
Boxer/ Brindle w White,tier_4
Finnish Lapphund,tier_1
Bichon Frise/shih tzu mix,tier_1
Pointer/Dalmatian,tier_2
lab/collie mix,tier_3
Beagle/Lab,tier_2
Greyhound Mix/ White and Red,tier_1
mixed/ brindle,tier_1
chihuahua /bostonmix,tier_1
Goldendoodle/White,tier_1
Collie/Sable,tier_3
Westie,tier_1
Japanese Chin,tier_1
Miniature Bull Terrier,tier_2
Bischon/Cavalier mix,tier_1
minpin mix,tier_1
Dalmatian Mix,tier_2
Lab Mix/ Gold,tier_4
Labrador/ Yellow,tier_4
Boxer/Shepard Mix,tier_4
DSH/ Tortoishell,tier_1
Maltipoo/ White,tier_1
BLK Lab Mix,tier_4
pitbull/ tan and white,tier_4
Pit Bull/ White w fawn,tier_1
Weimaraner6,None
Beagle/mix,tier_2
miux,None
Shiba Inu Chow Mix/ Sesame,tier_2
Pitbull/Lab,tier_4
jack/weenie,tier_1
Greyhound mix,tier_1
Beagle/Hound,tier_2
Labrador Retriever mikx Black Brindle,tier_4
yorkie-poo,tier_1
Cur mix Tan,tier_1
poodle  mix,tier_3
Pugle,None
Labrador Retriever/Collie mix,tier_4
Labrador Retriever Chocolate,tier_4
DLH,None
Weimaraner/Great Dane Mix,tier_1
American Staffordshire Mix/Brindle,tier_1
Pit Hound Mix,tier_4
Beagle Mix Gold,tier_2
Schnoodle/Black,tier_1
Labrador Retriever/ Beagle mix,tier_2
Pomeranian/Maltese Mix,tier_1
Black Mouth Cur/ Pitt Mix,tier_1
pit/lab/cattledog mix,tier_4
Springer Spaniel/ Beagle mix,tier_2
German Shepherd Dog/chow.,tier_1
Labrador Retriever/pointer mix,tier_2
Shepard Golden Mix,tier_4
Labrador Retriever/Rottie mix,tier_4
Chihuahua/ Corgi Mix,tier_2
Chow Chow Mix,tier_2
Shih Tzu Wht,tier_1
Peekapoo,None
Mixed breed,tier_1
Brown black,tier_1
hound/shepherd mix,tier_1
Min Pin/Jack Russell Mix,tier_1
Poodle/mix,tier_3
Carolina Dog,tier_3
Labrador Retriever/boxer,tier_4
Lab/Grey Hound Mix,tier_1
cocker/bischon,tier_1
Lab black,tier_4
Collie/Whippet Mix,tier_2
Shih Tzu/ poodle mix,tier_1
Boxer Brindle,tier_4
Peekapoo Blonde,tier_1
Beagle/dashound mix,tier_2
Dashound,None
German Sheperd/Lab Mix,tier_1
Boykin Spaniel /lab Mix,tier_1
Mountain Cur,tier_1
Lab Yellow,tier_4
Pit/Shepherd mix,tier_1
Pitsky,None
Patterdale Terrier,tier_2
Golden Retriever Cream,tier_4
Cavalier King Charles Spaniel/ Tan,tier_1
Shih Tzu Blck/Gray,tier_1
Great Pyrenees/Lab Mix,tier_2
bassett/shepherd mix,tier_1
Labrador Retriever Mix Blck,tier_4
Shih Tzu mix Wht,tier_1
Black Mouth Cur Mix Brwn,tier_1
German Shepherd Dog Black/Tan Longed Haired,tier_1
Boxer/Pitt Mix,tier_4
Burnadoodle,None
Lab Mix Black,tier_4
jack/dach,tier_1
Catahula Leopard Hound Mix,tier_1
Pekingese/shiz shu mix,tier_1
aussie/mix,tier_3
cavachon,None
mini golden doodle,tier_4
Shephard Lab Mix,tier_4
Mixed,tier_1
bichon mix,tier_1
golden retriever mix,tier_4
"Fox Terrier, Wire",tier_2
lab/pitbull,tier_4
Pomeranian Mix,tier_1
Chihuahua terrier mix,tier_2
Rat Terrier/ Tri,tier_2
"Yorkshire Terrier,Sliver/tan",tier_2
Pembroke Corgi,tier_1
German Shorthaired Pointer Mix,tier_2
dach mix,tier_1
jack russel/chihuhua mix,tier_1
Pit Bull/ Blue,tier_4
Tennessee Hound,tier_3
Jack Russell/ White,tier_1
Shih Tzu-Lhasa Apso Mix,tier_1
Lab Mix/ Black and Tan,tier_1
Chihuahua/ Tan-Wire Haired,tier_1
Shepherd/boxer Mix,tier_1
Pit/Heeler,tier_4
schnauzer mix Grayish Black,tier_1
Shih Tzu/Havanese mix,tier_1
cavalier mix,tier_1
malti/shih tsu,tier_1
Poodle mini,tier_3
Whippet/Pit mix,tier_2
Pitt Blck/Wht,tier_1
Chihuahua/Min Pin Mix,tier_1
Labrador Retriever/Black,tier_4
Eskimo dog mix,tier_3
Border Terrier,tier_2
Bedlington Terrier,tier_2
Retriever Mix,tier_4
Blue Lacy,tier_1
Tibetan Terrier,tier_2
Eurasier,None
Dutch Shepherd Dog,tier_1
Shepherd Mix (Long Hair),tier_1
Welsh Terrier,tier_1
American Cocker Spaniel,tier_1
Mini Clumberdoodle,tier_1
doodle mix,tier_1
Irish Setter,tier_1
Corgi Mix,tier_2
Plott Hound,tier_3
heeler/pitbull mix,tier_4
Catahoula Cur,tier_1
Papillon mix,tier_1
Australian Kelpie,tier_3
Hound mix,tier_3
Alaskan Klee Kai,tier_2
Lab/Pointer Mix,tier_2
Multi-poo,tier_1
Schipperke,tier_1
Malshi,None
White Shepard/Husky mix,tier_4
Scottish Deerhound,tier_1
Pointer Mix,tier_2
Alpine Dachsbracke,tier_1
Cat: Russian Blue,tier_1
Puggls - Pug & Beagle Miz,tier_1
Parti Yorki,tier_1
grater swiss mountain dog,tier_2
French Brittany,tier_1
shnauzer,None
American Short Hair,tier_2
boxer/lab,tier_4
English Mastiff,tier_1
Saint-Usuge Spaniel,tier_1
